album_name,release_date,artwork_url,track_name,track_number,duration_ms,spotify_track_id,official_track_number,official_track_name,lastfm_track_listeners,lastfm_track_playcount,lastfm_track_listeners,lastfm_track_playcount,lastfm_track_listeners,lastfm_track_playcount,lastfm_track_listeners,lastfm_track_playcount,musicbrainz_recording_id,bpm
Scream Bloody Gore,1987,https://i.scdn.co/image/ab67616d0000b2731a777d64261a574192311760,Infernal Death,1,173720,6w6ixHfMEbfSC7X3awzbok,1,Infernal Death,178672,1058324,178672,1058324,178672,1058324,178672,1058324,5bc83118-0a1a-4bf6-9be5-9c491ea7a13f,106
Scream Bloody Gore,1987,https://i.scdn.co/image/ab67616d0000b2731a777d64261a574192311760,Zombie Ritual,2,273413,4K3qzy3AR3Lo02ybxs90gW,2,Zombie Ritual,176771,1277926,176771,1277926,176771,1277926,176771,1277926,8b0fc9fb-1bce-452f-a3a5-0670af2cf101,128.4988709
Scream Bloody Gore,1987,https://i.scdn.co/image/ab67616d0000b2731a777d64261a574192311760,Denial of Life,3,215226,3SypDWp8cRyXemFer9dQuH,3,Denial of Life,135465,704079,135465,704079,135465,704079,135465,704079,44db3fcd-a9f1-4687-b280-d250535cec69,154.9981995
Scream Bloody Gore,1987,https://i.scdn.co/image/ab67616d0000b2731a777d64261a574192311760,Sacrificial,4,221706,6TtwlRtSSr0f2O97Uh3hSe,4,Sacrificial,126781,637101,126781,637101,126781,637101,126781,637101,56ae6282-0452-43e5-9a64-3db82a847976,142.773468
Scream Bloody Gore,1987,https://i.scdn.co/image/ab67616d0000b2731a777d64261a574192311760,Mutilation,5,208000,4MIM3WVaGRVvzNmrI2AGqY,5,Mutilation,128545,680027,128545,680027,128545,680027,128545,680027,44c962ad-944d-48cd-ae95-6bcac795e333,109.9440842
Scream Bloody Gore,1987,https://i.scdn.co/image/ab67616d0000b2731a777d64261a574192311760,Regurgitated Guts,6,224960,4IUL1VgywdoHTRC9L1fqRu,6,Regurgitated Guts,118136,577771,118136,577771,118136,577771,118136,577771,f0bbcd48-f1c7-44f8-8028-21f805bb4c89,90.44934082
Scream Bloody Gore,1987,https://i.scdn.co/image/ab67616d0000b2731a777d64261a574192311760,Baptized In Blood,7,269373,3ytqID1T478uv1aZoHaDZS,7,Baptized in Blood,117180,587680,117180,587680,117180,587680,117180,587680,9adb7449-13c2-4a32-86b6-69824ee9982f,115
Scream Bloody Gore,1987,https://i.scdn.co/image/ab67616d0000b2731a777d64261a574192311760,Torn To Pieces,8,216000,66QwmGPVzRZRroovq8VpdG,8,Torn to Pieces,111003,544599,111003,544599,111003,544599,111003,544599,2b60afdb-6c7a-4af3-9bd3-37b0335360fb,125
Scream Bloody Gore,1987,https://i.scdn.co/image/ab67616d0000b2731a777d64261a574192311760,Evil Dead,9,179893,26c6Tf8IETskDcRuxWfruY,9,Evil Dead,141466,933156,141466,933156,141466,933156,141466,933156,cd5caf63-fd4b-4dd0-87d1-3a9c4057e76e,104
Scream Bloody Gore,1987,https://i.scdn.co/image/ab67616d0000b2731a777d64261a574192311760,Scream Bloody Gore,10,273040,1AOhYQVuJxwRk0l54O1Ig6,10,Scream Bloody Gore,120478,681750,120478,681750,120478,681750,120478,681750,0c38eac3-e2ff-4002-9eeb-864b8e440c52,108
Spiritual Healing,1990,https://i.scdn.co/image/ab67616d0000b2739b7fc64934f20053b253796e,Living Monstrosity,1,308546,2CWxYrYXkkwAc6ZickbiPJ,1,Living Monstrosity,115979,675130,115979,675130,115979,675130,115979,675130,801f6ed7-6598-4c1a-9f31-ee3fffa5e6d1,129.1342926
Spiritual Healing,1990,https://i.scdn.co/image/ab67616d0000b2739b7fc64934f20053b253796e,Altering the Future,2,334440,39vBNPpuGv5U6MlNMa346j,2,Altering the Future,104753,589509,104753,589509,104753,589509,104753,589509,9cc95ba0-5453-4ca0-9dd4-beaead9db4d4,154.5190887
Spiritual Healing,1990,https://i.scdn.co/image/ab67616d0000b2739b7fc64934f20053b253796e,Defensive Personalities,3,286093,3k8N2oaKtouzLzGXUBlfjz,3,Defensive Personalities,96266,520135,96266,520135,96266,520135,96266,520135,bd9f27e2-050d-4c49-b581-850fa0384083,142.6448669
Spiritual Healing,1990,https://i.scdn.co/image/ab67616d0000b2739b7fc64934f20053b253796e,Within the Mind,4,334600,1RhZ1x4PULLB9pDlKIG1hJ,4,Within the Mind,97320,538113,97320,538113,97320,538113,97320,538113,3f498890-4034-4835-8f75-c0a23feabf45,172.2650146
Spiritual Healing,1990,https://i.scdn.co/image/ab67616d0000b2739b7fc64934f20053b253796e,Spiritual Healing,5,464400,7lylZyx3PtBVq9YpioPVMD,5,Spiritual Healing,128628,830646,128628,830646,128628,830646,128628,830646,8285138a-5a31-4a1f-aa23-876a91637a2c,165.775177
Spiritual Healing,1990,https://i.scdn.co/image/ab67616d0000b2739b7fc64934f20053b253796e,Low Life,6,323146,4CdkR7ZjvlKU9MrX07KRDe,6,Low Life,90080,491426,90080,491426,90080,491426,90080,491426,ee311e66-1a6f-428e-8ea3-4539e48b291f,132.2024994
Spiritual Healing,1990,https://i.scdn.co/image/ab67616d0000b2739b7fc64934f20053b253796e,Genetic Reconstruction,7,292653,5RoCswvQsuIR2BtksOE2Wf,7,Genetic Reconstruction,80164,421112,80164,421112,80164,421112,80164,421112,0c38b81c-8fd4-4abe-8b75-ea5f770fbac2,132.4031067
Spiritual Healing,1990,https://i.scdn.co/image/ab67616d0000b2739b7fc64934f20053b253796e,Killing Spree,8,256866,0UJerrQbfuSAFDkwVUlKA8,8,Killing Spree,82382,420330,82382,420330,82382,420330,82382,420330,2663a1f3-e560-4316-b872-6fde09136b1b,129.2247467
Human,1991,https://i.scdn.co/image/ab67616d0000b273102ca8d392d62662c1938ebd,Flattening of Emotions,1,267973,2i03huY4DLxMnAB9DV4BOd,1,Flattening of Emotions,162062,1167132,162062,1167132,162062,1167132,162062,1167132,254c5295-707f-48d3-b2eb-65cfd7aa4922,103.9378281
Human,1991,https://i.scdn.co/image/ab67616d0000b273102ca8d392d62662c1938ebd,Suicide Machine,2,260800,0GBNecHv0jWlfrPPBq57FT,2,Suicide Machine,166569,1237184,166569,1237184,166569,1237184,166569,1237184,869981d6-3639-4038-abe0-17473f0d2d54,137
Human,1991,https://i.scdn.co/image/ab67616d0000b273102ca8d392d62662c1938ebd,Together As One,3,248040,5aeMbbBgnEmbww0Wrax4xr,3,Together as One,147178,1001839,147178,1001839,147178,1001839,147178,1001839,f86eb7e5-da6c-479f-82cc-43a5c9449106,152.068924
Human,1991,https://i.scdn.co/image/ab67616d0000b273102ca8d392d62662c1938ebd,Secret Face,4,274466,2DWNGHlrnOmfQCsJclj3Sz,4,Secret Face,133858,807918,133858,807918,133858,807918,133858,807918,604599eb-9f9c-4f6f-b5ec-0a6b927a4c96,90.32024384
Human,1991,https://i.scdn.co/image/ab67616d0000b273102ca8d392d62662c1938ebd,Lack of Comprehension,5,221480,1OePro13vwG9uI5tdREYLU,5,Lack of Comprehension,197704,1663528,197704,1663528,197704,1663528,197704,1663528,a2e1c7a5-3252-4fad-a0a5-31b94c8db1cf,172.2654114
Human,1991,https://i.scdn.co/image/ab67616d0000b273102ca8d392d62662c1938ebd,See Through Dreams,6,264480,7audyKMpvgzO3ttY1T0ZLJ,6,See Through Dreams,124021,782701,124021,782701,124021,782701,124021,782701,a68a5728-fab3-4984-b4da-adcb59e4ba2a,135.9845886
Human,1991,https://i.scdn.co/image/ab67616d0000b273102ca8d392d62662c1938ebd,Cosmic Sea,7,264746,1JiS9XUED8DGFQfmXPB78L,7,Cosmic Sea,130983,786700,130983,786700,130983,786700,130983,786700,7d25f921-e642-4316-a2ac-c32f7c5da079,105.0158691
Human,1991,https://i.scdn.co/image/ab67616d0000b273102ca8d392d62662c1938ebd,Vacant Planets,8,229160,2O9tG9RSQdKFgbJ5KBTzrv,8,Vacant Planets,118186,660748,118186,660748,118186,660748,118186,660748,4bbfe344-7aa5-4490-8a68-e7d3b14de83a,172.2654266
Individual Thought Patterns,1993,https://i.scdn.co/image/ab67616d0000b273ae31b20b56a58a493d3e7014,Overactive Imagination,1,209973,2zXMCESfPOjWN3Sl50FBsQ,1,Overactive Imagination,127243,882277,127243,882277,127243,882277,127243,882277,f545c58c-7465-4fd2-a67b-58d4f4644286,136
Individual Thought Patterns,1993,https://i.scdn.co/image/ab67616d0000b273ae31b20b56a58a493d3e7014,In Human Form,2,236933,7yZa75S8OLOhS2R0SvNZKD,2,In Human Form,113137,702842,113137,702842,113137,702842,113137,702842,89996b98-c79b-44d5-885e-15667a7297df,92
Individual Thought Patterns,1993,https://i.scdn.co/image/ab67616d0000b273ae31b20b56a58a493d3e7014,Jealousy,3,220866,4hUJPdtoHv9H3JwzXkNCHu,3,Jealousy,110811,682314,110811,682314,110811,682314,110811,682314,9c129ff2-5dba-434b-9e3e-0a58310d8b60,102
Individual Thought Patterns,1993,https://i.scdn.co/image/ab67616d0000b273ae31b20b56a58a493d3e7014,Trapped In A Corner,4,253893,21XCvFeoNSumlSm9AVSCww,4,Trapped in a Corner,122822,921850,122822,921850,122822,921850,122822,921850,57d6a694-3d0d-4519-b508-a472084506ca,164.548645
Individual Thought Patterns,1993,https://i.scdn.co/image/ab67616d0000b273ae31b20b56a58a493d3e7014,Nothing Is Everything,5,198266,58qUhRQpnKmFTd3XNVckRm,5,Nothing Is Everything,104710,646741,104710,646741,104710,646741,104710,646741,624191e4-1a95-4034-8cff-4b27437d0f61,110
Individual Thought Patterns,1993,https://i.scdn.co/image/ab67616d0000b273ae31b20b56a58a493d3e7014,Mentally Blind,6,287400,3070NkN6Czg0VVG2OTLqCE,6,Mentally Blind,101581,611522,101581,611522,101581,611522,101581,611522,1bbc5896-75d9-4e31-be98-821b93386a1e,142.5188446
Individual Thought Patterns,1993,https://i.scdn.co/image/ab67616d0000b273ae31b20b56a58a493d3e7014,Individual Thought Patterns,7,240373,1TS1zgR1CIJLfXzVe0HciD,7,Individual Thought Patterns,98242,569139,98242,569139,98242,569139,98242,569139,612ed956-0356-46f6-8e97-7943790ec9a1,139
Individual Thought Patterns,1993,https://i.scdn.co/image/ab67616d0000b273ae31b20b56a58a493d3e7014,Destiny,8,245826,2xbeXGeJTzVawKpzDknHdZ,8,Destiny,97049,566917,97049,566917,97049,566917,97049,566917,0657c0a7-6ad5-4a48-a686-8d5b66d3364b,101
Individual Thought Patterns,1993,https://i.scdn.co/image/ab67616d0000b273ae31b20b56a58a493d3e7014,Out Of Touch,9,261399,2tPmGJvNaEEx6E6gONsWu9,9,Out of Touch,91331,503284,91331,503284,91331,503284,91331,503284,f50bf759-2e12-4910-adb5-e88811f7292a,100
Individual Thought Patterns,1993,https://i.scdn.co/image/ab67616d0000b273ae31b20b56a58a493d3e7014,The Philosopher,10,250600,1tSOyjMlunoGZSdzNufJ8k,10,The Philosopher,181391,1422609,181391,1422609,181391,1422609,181391,1422609,772843b1-f455-469d-a606-28052dc47ac9,133
Symbolic,3/19/95,https://i.scdn.co/image/ab67616d0000b2739516f5c3bad899056b034a00,Symbolic,1,392800,0dpFb4qv92TE9R00Lq4SAW,1,Symbolic,311662,2543590,311662,2543590,311662,2543590,311662,2543590,510248c6-c6fd-4782-aac1-033d57ecd10a,130.4524231
Symbolic,3/19/95,https://i.scdn.co/image/ab67616d0000b2739516f5c3bad899056b034a00,Zero Tolerance,2,288866,71MrVsb0pbIDpFOlYCVIhE,2,Zero Tolerance,206059,1574004,206059,1574004,206059,1574004,206059,1574004,d1b204a8-8c02-4999-a881-3fa7a4e544d9,163.8145294
Symbolic,3/19/95,https://i.scdn.co/image/ab67616d0000b2739516f5c3bad899056b034a00,Empty Words,3,382026,5XWpYr8V9DxbmH0Njtsfhq,3,Empty Words,194191,1449282,194191,1449282,194191,1449282,194191,1449282,8488987c-2d71-47ae-bf88-4be2a5879d83,117
Symbolic,3/19/95,https://i.scdn.co/image/ab67616d0000b2739516f5c3bad899056b034a00,Sacred Serenity,4,267013,5I2nvva658EdhIAtRQadWG,4,Sacred Serenity,177210,1210333,177210,1210333,177210,1210333,177210,1210333,e961e355-8dfd-4bfc-ae63-ad0fe6a887cd,138.8014069
Symbolic,3/19/95,https://i.scdn.co/image/ab67616d0000b2739516f5c3bad899056b034a00,"1,000 Eyes",5,268653,4DUF5hZMBIcAmEF5MAfqzx,5,"1,000 Eyes",162567,1160496,162567,1160496,162567,1160496,162567,1160496,1bd3f327-eeeb-4237-b492-4564fe34599c,153.0201263
Symbolic,3/19/95,https://i.scdn.co/image/ab67616d0000b2739516f5c3bad899056b034a00,Without Judgement,6,328013,0QHAeWDMHjkCb1VVHAkXxY,6,Without Judgement,176781,1259357,176781,1259357,176781,1259357,176781,1259357,57f15761-99dc-415b-b992-7df20f2e68b1,164.9564209
Symbolic,3/19/95,https://i.scdn.co/image/ab67616d0000b2739516f5c3bad899056b034a00,Crystal Mountain,7,307426,0ItAcLSkUiePOmFGun3cSe,7,Crystal Mountain,278104,2697251,278104,2697251,278104,2697251,278104,2697251,c7c7c787-e1d9-4814-9316-66c850b698da,178.2060699
Symbolic,3/19/95,https://i.scdn.co/image/ab67616d0000b2739516f5c3bad899056b034a00,Misanthrope,8,303906,1VzTXTV0LqoD8OJE14yD3E,8,Misanthrope,163512,1157024,163512,1157024,163512,1157024,163512,1157024,8462098c-7666-4db6-b909-c004fa41e54c,99.42552185
Symbolic,3/19/95,https://i.scdn.co/image/ab67616d0000b2739516f5c3bad899056b034a00,Perennial Quest,9,501360,794bicUnAgsMFeCArdMDkD,9,Perennial Quest,140210,890407,140210,890407,140210,890407,140210,890407,f3e47d10-52b5-4c9f-a7ca-616f0a9156a1,130.4798279
The Sound of Perseverance - Reissue,1998,https://i.scdn.co/image/ab67616d0000b27391fcdc499f2dbfbcd7e58b59,Scavenger of Human Sorrow,1,416680,4IfEHfXLyepX85MFehNHNd,1,Scavenger of Human Sorrow,211925,1586524,211925,1586524,211925,1586524,211925,1586524,d87b585b-ecd9-483b-80e4-63a7ca257b13,99
The Sound of Perseverance - Reissue,1998,https://i.scdn.co/image/ab67616d0000b27391fcdc499f2dbfbcd7e58b59,Bite the Pain,2,269773,3ZE2F2FEWk1QzgQWMnM6hJ,2,Bite the Pain,194022,1454072,194022,1454072,194022,1454072,194022,1454072,8559d2aa-856f-4791-b0e5-d13e47343805,172.2660522
The Sound of Perseverance - Reissue,1998,https://i.scdn.co/image/ab67616d0000b27391fcdc499f2dbfbcd7e58b59,Spirit Crusher,3,407000,3sSonVXqDeoEFj2lM7mpYT,3,Spirit Crusher,257635,2287058,257635,2287058,257635,2287058,257635,2287058,3f2b1899-1633-499b-8640-f4a5680dc7b9,97
The Sound of Perseverance - Reissue,1998,https://i.scdn.co/image/ab67616d0000b27391fcdc499f2dbfbcd7e58b59,Story to Tell,4,394933,1PrcH1pIHVSrr4eXsDOLfQ,4,Story to Tell,159099,1087478,159099,1087478,159099,1087478,159099,1087478,11ee96b0-e2c5-4561-9768-333e7b8ace48,172.2658386
The Sound of Perseverance - Reissue,1998,https://i.scdn.co/image/ab67616d0000b27391fcdc499f2dbfbcd7e58b59,Flesh and the Power It Holds,5,506813,0GILd3eTcEsjzSTyDX2XXi,5,Flesh and the Power It Holds,184498,1460510,184498,1460510,184498,1460510,184498,1460510,5c926e91-f795-4893-b76c-d931b04edb93,112.0569763
The Sound of Perseverance - Reissue,1998,https://i.scdn.co/image/ab67616d0000b27391fcdc499f2dbfbcd7e58b59,Voice of the Soul,6,223933,69Yia3qCLw6N9U80WhLwLn,6,Voice of the Soul,364049,3100368,364049,3100368,364049,3100368,364049,3100368,9fb788c4-d993-4ca7-83e8-f09c8e416063,120.898056
The Sound of Perseverance - Reissue,1998,https://i.scdn.co/image/ab67616d0000b27391fcdc499f2dbfbcd7e58b59,To Forgive is to Suffer,7,355666,5nERUGtVswJAKRBXLWuZWO,7,To Forgive Is to Suffer,143504,914026,143504,914026,143504,914026,143504,914026,4d1d74b9-02fe-4ac4-821c-2d58cff8ad55,172.2659149
The Sound of Perseverance - Reissue,1998,https://i.scdn.co/image/ab67616d0000b27391fcdc499f2dbfbcd7e58b59,A Moment of Clarity,8,445866,12hBZJPHjp9q4s8s9jwYQX,8,A Moment of Clarity,133836,816951,133836,816951,133836,816951,133836,816951,3cf72c58-05a3-48d0-9f89-b720dc51b895,122.7461472
The Sound of Perseverance - Reissue,1998,https://i.scdn.co/image/ab67616d0000b27391fcdc499f2dbfbcd7e58b59,Painkiller,9,362346,4uOSpJxcpzeNCWXYoXGJM1,9,Painkiller,181249,1289852,181249,1289852,181249,1289852,181249,1289852,7d8577a6-ce1c-46e5-a520-c39f254faf54,103.1646423
Leprosy,8/12/88,https://i.scdn.co/image/ab67616d0000b273437e65ee8c9a1aa35ed36b90,Leprosy,1,380440,6QzjXmQ1mHNYHrwNurA9vJ,1,Leprosy,163645,1053679,163645,1053679,163645,1053679,163645,1053679,9900bd7e-fc45-4512-9a19-adb5d20f376b,109
Leprosy,8/12/88,https://i.scdn.co/image/ab67616d0000b273437e65ee8c9a1aa35ed36b90,Born Dead,2,207280,5sD3j721OW2zLYi7NSWzIa,2,Born Dead,138728,846275,138728,846275,138728,846275,138728,846275,6c08eeef-3d59-49df-99e0-ebcd53579918,108
Leprosy,8/12/88,https://i.scdn.co/image/ab67616d0000b273437e65ee8c9a1aa35ed36b90,Forgotten Past,3,276120,0Vtq6zQ56QuXUEGZET3iHm,3,Forgotten Past,124109,690847,124109,690847,124109,690847,124109,690847,f430a3f6-3cd8-47fc-8be6-cdb9542222c2,146.7199554
Leprosy,8/12/88,https://i.scdn.co/image/ab67616d0000b273437e65ee8c9a1aa35ed36b90,Left to Die,4,277373,0BO5g7FXNhZgQuC8xIORDm,4,Left to Die,135472,809688,135472,809688,135472,809688,135472,809688,e0c52183-eaad-4cc4-b0de-464098dba93e,100.4021683
Leprosy,8/12/88,https://i.scdn.co/image/ab67616d0000b273437e65ee8c9a1aa35ed36b90,Pull the Plug,5,266773,2l0h4aBFLp9HdoaNdCTlbW,5,Pull the Plug,222034,1853105,222034,1853105,222034,1853105,222034,1853105,ddadbce7-eb70-407b-8517-d40b6924039d,103.2993469
Leprosy,8/12/88,https://i.scdn.co/image/ab67616d0000b273437e65ee8c9a1aa35ed36b90,Open Casket,6,295693,4E1dHrIMIXybxs9DqguLyZ,6,Open Casket,126741,770812,126741,770812,126741,770812,126741,770812,0aa9e7b3-a351-441a-8208-79ccd3bc8f91,117
Leprosy,8/12/88,https://i.scdn.co/image/ab67616d0000b273437e65ee8c9a1aa35ed36b90,Primitive Ways,7,273533,5S2zI4ZD15GtrC4MHoKTqy,7,Primitive Ways,106176,536860,106176,536860,106176,536860,106176,536860,23801f29-111a-42e3-8cd0-f2cc65b2eeb7,103.843895
Leprosy,8/12/88,https://i.scdn.co/image/ab67616d0000b273437e65ee8c9a1aa35ed36b90,Choke on It,8,355213,3iRcqSKMnnB3bmZlpeL8eP,8,Choke on It,100672,516787,100672,516787,100672,516787,100672,516787,0f5cd4d4-178a-471f-bbab-265aa783df40,123.5721893